<?xml version="1.0" encoding="UTF-8" standalone="yes"?>
<p:sldLayout xmlns:a="http://schemas.openxmlformats.org/drawingml/2006/main" xmlns:r="http://schemas.openxmlformats.org/officeDocument/2006/relationships" xmlns:p="http://schemas.openxmlformats.org/presentationml/2006/main" type="title" preserve="1"><p:cSld name="Diapositiva de título"><p:spTree><p:nvGrpSpPr><p:cNvPr id="1" name=""/><p:cNvGrpSpPr/><p:nvPr/></p:nvGrpSpPr><p:grpSpPr><a:xfrm><a:off x="0" y="0"/><a:ext cx="0" cy="0"/><a:chOff x="0" y="0"/><a:chExt cx="0" cy="0"/></a:xfrm></p:grpSpPr><p:sp><p:nvSpPr><p:cNvPr id="2" name="Título 1"><a:extLst><a:ext uri="{FF2B5EF4-FFF2-40B4-BE49-F238E27FC236}"><a16:creationId xmlns:a16="http://schemas.microsoft.com/office/drawing/2014/main" id="{EDC8680D-11BB-D762-F47B-8AE1635E45BD}"/></a:ext></a:extLst></p:cNvPr><p:cNvSpPr><a:spLocks noGrp="1"/></p:cNvSpPr><p:nvPr><p:ph type="ctrTitle"/></p:nvPr></p:nvSpPr><p:spPr><a:xfrm><a:off x="1524000" y="1122363"/><a:ext cx="9144000" cy="2387600"/></a:xfrm></p:spPr><p:txBody><a:bodyPr anchor="b"/><a:lstStyle><a:lvl1pPr algn="ctr"><a:defRPr sz="6000"/></a:lvl1pPr></a:lstStyle><a:p><a:r><a:rPr lang="es-ES"/><a:t>Haga clic para modificar el estilo de título del patrón</a:t></a:r></a:p></p:txBody></p:sp><p:sp><p:nvSpPr><p:cNvPr id="3" name="Subtítulo 2"><a:extLst><a:ext uri="{FF2B5EF4-FFF2-40B4-BE49-F238E27FC236}"><a16:creationId xmlns:a16="http://schemas.microsoft.com/office/drawing/2014/main" id="{0BA18135-6317-55F6-74F4-8AC74FFC4E2A}"/></a:ext></a:extLst></p:cNvPr><p:cNvSpPr><a:spLocks noGrp="1"/></p:cNvSpPr><p:nvPr><p:ph type="subTitle" idx="1"/></p:nvPr></p:nvSpPr><p:spPr><a:xfrm><a:off x="1524000" y="3602038"/><a:ext cx="9144000" cy="1655762"/></a:xfrm></p:spPr><p:txBody><a:bodyPr/><a:lstStyle><a:lvl1pPr marL="0" indent="0" algn="ctr"><a:buNone/><a:defRPr sz="2400"/></a:lvl1pPr><a:lvl2pPr marL="457200" indent="0" algn="ctr"><a:buNone/><a:defRPr sz="2000"/></a:lvl2pPr><a:lvl3pPr marL="914400" indent="0" algn="ctr"><a:buNone/><a:defRPr sz="1800"/></a:lvl3pPr><a:lvl4pPr marL="1371600" indent="0" algn="ctr"><a:buNone/><a:defRPr sz="1600"/></a:lvl4pPr><a:lvl5pPr marL="1828800" indent="0" algn="ctr"><a:buNone/><a:defRPr sz="1600"/></a:lvl5pPr><a:lvl6pPr marL="2286000" indent="0" algn="ctr"><a:buNone/><a:defRPr sz="1600"/></a:lvl6pPr><a:lvl7pPr marL="2743200" indent="0" algn="ctr"><a:buNone/><a:defRPr sz="1600"/></a:lvl7pPr><a:lvl8pPr marL="3200400" indent="0" algn="ctr"><a:buNone/><a:defRPr sz="1600"/></a:lvl8pPr><a:lvl9pPr marL="3657600" indent="0" algn="ctr"><a:buNone/><a:defRPr sz="1600"/></a:lvl9pPr></a:lstStyle><a:p><a:r><a:rPr lang="es-ES"/><a:t>Haga clic para modificar el estilo de subtítulo del patrón</a:t></a:r></a:p></p:txBody></p:sp><p:sp><p:nvSpPr><p:cNvPr id="4" name="Marcador de fecha 3"><a:extLst><a:ext uri="{FF2B5EF4-FFF2-40B4-BE49-F238E27FC236}"><a16:creationId xmlns:a16="http://schemas.microsoft.com/office/drawing/2014/main" id="{E237D87A-668B-D5BF-0A11-F37F80000802}"/></a:ext></a:extLst></p:cNvPr><p:cNvSpPr><a:spLocks noGrp="1"/></p:cNvSpPr><p:nvPr><p:ph type="dt" sz="half" idx="10"/></p:nvPr></p:nvSpPr><p:spPr/><p:txBody><a:bodyPr/><a:lstStyle/><a:p><a:fld id="{D73217A3-DA72-49B1-862B-E83E5768B380}" type="datetimeFigureOut"><a:rPr lang="es-ES" smtClean="0"/><a:t>23/09/2025</a:t></a:fld><a:endParaRPr lang="es-ES"/></a:p></p:txBody></p:sp><p:sp><p:nvSpPr><p:cNvPr id="5" name="Marcador de pie de página 4"><a:extLst><a:ext uri="{FF2B5EF4-FFF2-40B4-BE49-F238E27FC236}"><a16:creationId xmlns:a16="http://schemas.microsoft.com/office/drawing/2014/main" id="{F292842F-ECCA-963A-FE23-BE77E6EB804F}"/></a:ext></a:extLst></p:cNvPr><p:cNvSpPr><a:spLocks noGrp="1"/></p:cNvSpPr><p:nvPr><p:ph type="ftr" sz="quarter" idx="11"/></p:nvPr></p:nvSpPr><p:spPr/><p:txBody><a:bodyPr/><a:lstStyle/><a:p><a:endParaRPr lang="es-ES"/></a:p></p:txBody></p:sp><p:sp><p:nvSpPr><p:cNvPr id="6" name="Marcador de número de diapositiva 5"><a:extLst><a:ext uri="{FF2B5EF4-FFF2-40B4-BE49-F238E27FC236}"><a16:creationId xmlns:a16="http://schemas.microsoft.com/office/drawing/2014/main" id="{1B975DDB-EDFA-5B15-74B3-8F697DCC0085}"/></a:ext></a:extLst></p:cNvPr><p:cNvSpPr><a:spLocks noGrp="1"/></p:cNvSpPr><p:nvPr><p:ph type="sldNum" sz="quarter" idx="12"/></p:nvPr></p:nvSpPr><p:spPr/><p:txBody><a:bodyPr/><a:lstStyle/><a:p><a:fld id="{50370C0E-4CCA-49C7-91D9-D5B19E9FC04F}" type="slidenum"><a:rPr lang="es-ES" smtClean="0"/><a:t>‹#›</a:t></a:fld><a:endParaRPr lang="es-ES"/></a:p></p:txBody></p:sp></p:spTree><p:extLst><p:ext uri="{BB962C8B-B14F-4D97-AF65-F5344CB8AC3E}"><p14:creationId xmlns:p14="http://schemas.microsoft.com/office/powerpoint/2010/main" val="3484175245"/></p:ext></p:extLst></p:cSld><p:clrMapOvr><a:masterClrMapping/></p:clrMapOvr></p:sldLayout>