<?xml version="1.0" encoding="UTF-8" standalone="yes"?>
<p:sld xmlns:a="http://schemas.openxmlformats.org/drawingml/2006/main" xmlns:r="http://schemas.openxmlformats.org/officeDocument/2006/relationships" xmlns:p="http://schemas.openxmlformats.org/presentationml/2006/main"><p:cSld><p:spTree><p:nvGrpSpPr><p:cNvPr id="1" name=""/><p:cNvGrpSpPr/><p:nvPr/></p:nvGrpSpPr><p:grpSpPr><a:xfrm><a:off x="0" y="0"/><a:ext cx="0" cy="0"/><a:chOff x="0" y="0"/><a:chExt cx="0" cy="0"/></a:xfrm></p:grpSpPr><p:graphicFrame><p:nvGraphicFramePr><p:cNvPr id="6" name="Tabla 5"><a:extLst><a:ext uri="{FF2B5EF4-FFF2-40B4-BE49-F238E27FC236}"><a16:creationId xmlns:a16="http://schemas.microsoft.com/office/drawing/2014/main" id="{09669977-964C-2CD7-12AE-4D5BB00DEAFC}"/></a:ext></a:extLst></p:cNvPr><p:cNvGraphicFramePr><a:graphicFrameLocks noGrp="1"/></p:cNvGraphicFramePr><p:nvPr><p:extLst><p:ext uri="{D42A27DB-BD31-4B8C-83A1-F6EECF244321}"><p14:modId xmlns:p14="http://schemas.microsoft.com/office/powerpoint/2010/main" val="696569117"/></p:ext></p:extLst></p:nvPr></p:nvGraphicFramePr><p:xfrm><a:off x="2152072" y="276321"/><a:ext cx="6234546" cy="1955800"/></p:xfrm><a:graphic><a:graphicData uri="http://schemas.openxmlformats.org/drawingml/2006/table"><a:tbl><a:tblPr firstRow="1" bandRow="1"><a:tableStyleId>{5C22544A-7EE6-4342-B048-85BDC9FD1C3A}</a:tableStyleId></a:tblPr><a:tblGrid><a:gridCol w="3823855"><a:extLst><a:ext uri="{9D8B030D-6E8A-4147-A177-3AD203B41FA5}"><a16:colId xmlns:a16="http://schemas.microsoft.com/office/drawing/2014/main" val="2613232866"/></a:ext></a:extLst></a:gridCol><a:gridCol w="2410691"><a:extLst><a:ext uri="{9D8B030D-6E8A-4147-A177-3AD203B41FA5}"><a16:colId xmlns:a16="http://schemas.microsoft.com/office/drawing/2014/main" val="697478740"/></a:ext></a:extLst></a:gridCol></a:tblGrid><a:tr h="370840"><a:tc><a:txBody><a:bodyPr/><a:lstStyle/><a:p><a:endParaRPr lang="en-GB" noProof="0" dirty="0"/></a:p></a:txBody><a:tcPr/></a:tc><a:tc><a:txBody><a:bodyPr/><a:lstStyle/><a:p><a:endParaRPr lang="en-GB" noProof="0" dirty="0"/></a:p></a:txBody><a:tcPr/></a:tc><a:extLst><a:ext uri="{0D108BD9-81ED-4DB2-BD59-A6C34878D82A}"><a16:rowId xmlns:a16="http://schemas.microsoft.com/office/drawing/2014/main" val="2879445242"/></a:ext></a:extLst></a:tr><a:tr h="370840"><a:tc><a:txBody><a:bodyPr/><a:lstStyle/><a:p><a:pPr><a:buNone/></a:pPr><a:r><a:rPr lang="en-GB" sz="2000" kern="100" noProof="0" dirty="0"><a:effectLst/><a:latin typeface="Calibri" panose="020F0502020204030204" pitchFamily="34" charset="0"/><a:ea typeface="Calibri" panose="020F0502020204030204" pitchFamily="34" charset="0"/><a:cs typeface="Calibri" panose="020F0502020204030204" pitchFamily="34" charset="0"/></a:rPr><a:t>Type:</a:t></a:r></a:p></a:txBody><a:tcPr marL="68580" marR="68580" marT="0" marB="0"/></a:tc><a:tc><a:txBody><a:bodyPr/><a:lstStyle/><a:p><a:r><a:rPr lang="en-GB" sz="2000" noProof="0" dirty="0"><a:latin typeface="Calibri" panose="020F0502020204030204" pitchFamily="34" charset="0"/><a:ea typeface="Calibri" panose="020F0502020204030204" pitchFamily="34" charset="0"/><a:cs typeface="Calibri" panose="020F0502020204030204" pitchFamily="34" charset="0"/></a:rPr><a:t>Mandatory signs</a:t></a:r></a:p></a:txBody><a:tcPr/></a:tc><a:extLst><a:ext uri="{0D108BD9-81ED-4DB2-BD59-A6C34878D82A}"><a16:rowId xmlns:a16="http://schemas.microsoft.com/office/drawing/2014/main" val="3851775916"/></a:ext></a:extLst></a:tr><a:tr h="370840"><a:tc><a:txBody><a:bodyPr/><a:lstStyle/><a:p><a:pPr><a:buNone/></a:pPr><a:r><a:rPr lang="en-GB" sz="2000" kern="100" noProof="0" dirty="0"><a:effectLst/><a:latin typeface="Calibri" panose="020F0502020204030204" pitchFamily="34" charset="0"/><a:ea typeface="Calibri" panose="020F0502020204030204" pitchFamily="34" charset="0"/><a:cs typeface="Calibri" panose="020F0502020204030204" pitchFamily="34" charset="0"/></a:rPr><a:t>Background colour:</a:t></a:r></a:p></a:txBody><a:tcPr marL="68580" marR="68580" marT="0" marB="0"/></a:tc><a:tc><a:txBody><a:bodyPr/><a:lstStyle/><a:p><a:r><a:rPr lang="en-GB" sz="2000" noProof="0" dirty="0"><a:latin typeface="Calibri" panose="020F0502020204030204" pitchFamily="34" charset="0"/><a:ea typeface="Calibri" panose="020F0502020204030204" pitchFamily="34" charset="0"/><a:cs typeface="Calibri" panose="020F0502020204030204" pitchFamily="34" charset="0"/></a:rPr><a:t>Blue</a:t></a:r></a:p></a:txBody><a:tcPr/></a:tc><a:extLst><a:ext uri="{0D108BD9-81ED-4DB2-BD59-A6C34878D82A}"><a16:rowId xmlns:a16="http://schemas.microsoft.com/office/drawing/2014/main" val="451246360"/></a:ext></a:extLst></a:tr><a:tr h="370840"><a:tc><a:txBody><a:bodyPr/><a:lstStyle/><a:p><a:pPr><a:buNone/></a:pPr><a:r><a:rPr lang="en-GB" sz="2000" kern="100" noProof="0" dirty="0"><a:effectLst/><a:latin typeface="Calibri" panose="020F0502020204030204" pitchFamily="34" charset="0"/><a:ea typeface="Calibri" panose="020F0502020204030204" pitchFamily="34" charset="0"/><a:cs typeface="Calibri" panose="020F0502020204030204" pitchFamily="34" charset="0"/></a:rPr><a:t>Colour of edge:</a:t></a:r></a:p></a:txBody><a:tcPr marL="68580" marR="68580" marT="0" marB="0"/></a:tc><a:tc><a:txBody><a:bodyPr/><a:lstStyle/><a:p><a:r><a:rPr lang="en-GB" sz="2000" noProof="0" dirty="0"><a:latin typeface="Calibri" panose="020F0502020204030204" pitchFamily="34" charset="0"/><a:ea typeface="Calibri" panose="020F0502020204030204" pitchFamily="34" charset="0"/><a:cs typeface="Calibri" panose="020F0502020204030204" pitchFamily="34" charset="0"/></a:rPr><a:t>White</a:t></a:r></a:p></a:txBody><a:tcPr/></a:tc><a:extLst><a:ext uri="{0D108BD9-81ED-4DB2-BD59-A6C34878D82A}"><a16:rowId xmlns:a16="http://schemas.microsoft.com/office/drawing/2014/main" val="2484881604"/></a:ext></a:extLst></a:tr><a:tr h="370840"><a:tc><a:txBody><a:bodyPr/><a:lstStyle/><a:p><a:pPr><a:buNone/></a:pPr><a:r><a:rPr lang="en-GB" sz="2000" kern="100" noProof="0" dirty="0"><a:effectLst/><a:latin typeface="Calibri" panose="020F0502020204030204" pitchFamily="34" charset="0"/><a:ea typeface="Calibri" panose="020F0502020204030204" pitchFamily="34" charset="0"/><a:cs typeface="Calibri" panose="020F0502020204030204" pitchFamily="34" charset="0"/></a:rPr><a:t>Colour of figure/image:</a:t></a:r></a:p></a:txBody><a:tcPr marL="68580" marR="68580" marT="0" marB="0"/></a:tc><a:tc><a:txBody><a:bodyPr/><a:lstStyle/><a:p><a:r><a:rPr lang="en-GB" sz="2000" noProof="0" dirty="0"><a:latin typeface="Calibri" panose="020F0502020204030204" pitchFamily="34" charset="0"/><a:ea typeface="Calibri" panose="020F0502020204030204" pitchFamily="34" charset="0"/><a:cs typeface="Calibri" panose="020F0502020204030204" pitchFamily="34" charset="0"/></a:rPr><a:t>White</a:t></a:r></a:p></a:txBody><a:tcPr/></a:tc><a:extLst><a:ext uri="{0D108BD9-81ED-4DB2-BD59-A6C34878D82A}"><a16:rowId xmlns:a16="http://schemas.microsoft.com/office/drawing/2014/main" val="1362054663"/></a:ext></a:extLst></a:tr></a:tbl></a:graphicData></a:graphic></p:graphicFrame><p:sp><p:nvSpPr><p:cNvPr id="15" name="TextBox 14"><a:extLst><a:ext uri="{FF2B5EF4-FFF2-40B4-BE49-F238E27FC236}"><a16:creationId xmlns:a16="http://schemas.microsoft.com/office/drawing/2014/main" id="{21EECDD0-6287-2DE7-59B4-D16ECFA1E340}"/></a:ext></a:extLst></p:cNvPr><p:cNvSpPr txBox="1"/><p:nvPr/></p:nvSpPr><p:spPr><a:xfrm><a:off x="602581" y="4035798"/><a:ext cx="2177563" cy="646331"/></a:xfrm><a:prstGeom prst="rect"><a:avLst/></a:prstGeom><a:noFill/></p:spPr><p:txBody><a:bodyPr wrap="square" rtlCol="0"><a:spAutoFit/></a:bodyPr><a:lstStyle/><a:p><a:pPr algn="ctr"/><a:r><a:rPr lang="en-GB" noProof="0" dirty="0"/><a:t>Protection obligatory for feet</a:t></a:r></a:p></p:txBody></p:sp><p:sp><p:nvSpPr><p:cNvPr id="16" name="TextBox 15"><a:extLst><a:ext uri="{FF2B5EF4-FFF2-40B4-BE49-F238E27FC236}"><a16:creationId xmlns:a16="http://schemas.microsoft.com/office/drawing/2014/main" id="{0D5995DF-1B78-9DA4-45A5-4A3565E67215}"/></a:ext></a:extLst></p:cNvPr><p:cNvSpPr txBox="1"/><p:nvPr/></p:nvSpPr><p:spPr><a:xfrm><a:off x="4234697" y="4007334"/><a:ext cx="2177563" cy="646331"/></a:xfrm><a:prstGeom prst="rect"><a:avLst/></a:prstGeom><a:noFill/></p:spPr><p:txBody><a:bodyPr wrap="square" rtlCol="0"><a:spAutoFit/></a:bodyPr><a:lstStyle/><a:p><a:pPr algn="ctr"/><a:r><a:rPr lang="en-GB" noProof="0" dirty="0"/><a:t>Protection obligatory for hands</a:t></a:r></a:p></p:txBody></p:sp><p:sp><p:nvSpPr><p:cNvPr id="17" name="TextBox 16"><a:extLst><a:ext uri="{FF2B5EF4-FFF2-40B4-BE49-F238E27FC236}"><a16:creationId xmlns:a16="http://schemas.microsoft.com/office/drawing/2014/main" id="{4CAFCB61-1FCB-43F9-1C14-E8EEB6BD2FBA}"/></a:ext></a:extLst></p:cNvPr><p:cNvSpPr txBox="1"/><p:nvPr/></p:nvSpPr><p:spPr><a:xfrm><a:off x="7690635" y="4062572"/><a:ext cx="2177563" cy="646331"/></a:xfrm><a:prstGeom prst="rect"><a:avLst/></a:prstGeom><a:noFill/></p:spPr><p:txBody><a:bodyPr wrap="square" rtlCol="0"><a:spAutoFit/></a:bodyPr><a:lstStyle/><a:p><a:pPr algn="ctr"/><a:r><a:rPr lang="en-GB" noProof="0" dirty="0"/><a:t>Protection obligatory for eyes</a:t></a:r></a:p></p:txBody></p:sp><p:sp><p:nvSpPr><p:cNvPr id="18" name="TextBox 17"><a:extLst><a:ext uri="{FF2B5EF4-FFF2-40B4-BE49-F238E27FC236}"><a16:creationId xmlns:a16="http://schemas.microsoft.com/office/drawing/2014/main" id="{825BE71A-0F25-0AA5-0FBD-7C36FE0B0234}"/></a:ext></a:extLst></p:cNvPr><p:cNvSpPr txBox="1"/><p:nvPr/></p:nvSpPr><p:spPr><a:xfrm><a:off x="2360510" y="5820029"/><a:ext cx="2177563" cy="646331"/></a:xfrm><a:prstGeom prst="rect"><a:avLst/></a:prstGeom><a:noFill/></p:spPr><p:txBody><a:bodyPr wrap="square" rtlCol="0"><a:spAutoFit/></a:bodyPr><a:lstStyle/><a:p><a:pPr algn="ctr"/><a:r><a:rPr lang="en-GB" noProof="0" dirty="0"/><a:t>Protection obligatory for ears</a:t></a:r></a:p></p:txBody></p:sp><p:sp><p:nvSpPr><p:cNvPr id="19" name="TextBox 18"><a:extLst><a:ext uri="{FF2B5EF4-FFF2-40B4-BE49-F238E27FC236}"><a16:creationId xmlns:a16="http://schemas.microsoft.com/office/drawing/2014/main" id="{EF56E905-DBA7-6440-F6B0-CEB527E06F0D}"/></a:ext></a:extLst></p:cNvPr><p:cNvSpPr txBox="1"/><p:nvPr/></p:nvSpPr><p:spPr><a:xfrm><a:off x="9235568" y="5928013"/><a:ext cx="2415539" cy="646331"/></a:xfrm><a:prstGeom prst="rect"><a:avLst/></a:prstGeom><a:noFill/></p:spPr><p:txBody><a:bodyPr wrap="square" rtlCol="0"><a:spAutoFit/></a:bodyPr><a:lstStyle/><a:p><a:pPr algn="ctr"/><a:r><a:rPr lang="en-GB" noProof="0" dirty="0"/><a:t>Protection obligatory for breathing</a:t></a:r></a:p></p:txBody></p:sp><p:sp><p:nvSpPr><p:cNvPr id="20" name="TextBox 19"><a:extLst><a:ext uri="{FF2B5EF4-FFF2-40B4-BE49-F238E27FC236}"><a16:creationId xmlns:a16="http://schemas.microsoft.com/office/drawing/2014/main" id="{969C4903-440A-6FB8-1F6E-B7D652A664BD}"/></a:ext></a:extLst></p:cNvPr><p:cNvSpPr txBox="1"/><p:nvPr/></p:nvSpPr><p:spPr><a:xfrm><a:off x="5773302" y="5928013"/><a:ext cx="2530203" cy="646331"/></a:xfrm><a:prstGeom prst="rect"><a:avLst/></a:prstGeom><a:noFill/></p:spPr><p:txBody><a:bodyPr wrap="square" rtlCol="0"><a:spAutoFit/></a:bodyPr><a:lstStyle/><a:p><a:pPr algn="ctr"/><a:r><a:rPr lang="en-GB" noProof="0" dirty="0"/><a:t>Protection obligatory for your head</a:t></a:r></a:p></p:txBody></p:sp><p:pic><p:nvPicPr><p:cNvPr id="7" name="Imagen 30"><a:extLst><a:ext uri="{FF2B5EF4-FFF2-40B4-BE49-F238E27FC236}"><a16:creationId xmlns:a16="http://schemas.microsoft.com/office/drawing/2014/main" id="{891E9795-3375-2B55-5524-835CAC7B1571}"/></a:ext></a:extLst></p:cNvPr><p:cNvPicPr><a:picLocks noChangeAspect="1"/></p:cNvPicPr><p:nvPr/></p:nvPicPr><p:blipFill><a:blip r:embed="rId2"/><a:stretch><a:fillRect/></a:stretch></p:blipFill><p:spPr><a:xfrm><a:off x="949542" y="2653957"/><a:ext cx="1410968" cy="1353377"/></a:xfrm><a:prstGeom prst="rect"><a:avLst/></a:prstGeom></p:spPr></p:pic><p:pic><p:nvPicPr><p:cNvPr id="9" name="Imagen 36"><a:extLst><a:ext uri="{FF2B5EF4-FFF2-40B4-BE49-F238E27FC236}"><a16:creationId xmlns:a16="http://schemas.microsoft.com/office/drawing/2014/main" id="{7D7F3A50-34A8-4828-2CF7-53D04B06A69C}"/></a:ext></a:extLst></p:cNvPr><p:cNvPicPr><a:picLocks noChangeAspect="1"/></p:cNvPicPr><p:nvPr/></p:nvPicPr><p:blipFill><a:blip r:embed="rId3"/><a:stretch><a:fillRect/></a:stretch></p:blipFill><p:spPr><a:xfrm><a:off x="2867371" y="4433784"/><a:ext cx="1280098" cy="1308336"/></a:xfrm><a:prstGeom prst="rect"><a:avLst/></a:prstGeom></p:spPr></p:pic><p:pic><p:nvPicPr><p:cNvPr id="11" name="Imagen 32"><a:extLst><a:ext uri="{FF2B5EF4-FFF2-40B4-BE49-F238E27FC236}"><a16:creationId xmlns:a16="http://schemas.microsoft.com/office/drawing/2014/main" id="{CAD9B96C-A02C-E3C0-DF39-903B6EF59449}"/></a:ext></a:extLst></p:cNvPr><p:cNvPicPr><a:picLocks noChangeAspect="1"/></p:cNvPicPr><p:nvPr/></p:nvPicPr><p:blipFill><a:blip r:embed="rId4"/><a:stretch><a:fillRect/></a:stretch></p:blipFill><p:spPr><a:xfrm><a:off x="4617995" y="2613481"/><a:ext cx="1410966" cy="1315631"/></a:xfrm><a:prstGeom prst="rect"><a:avLst/></a:prstGeom></p:spPr></p:pic><p:pic><p:nvPicPr><p:cNvPr id="13" name="Imagen 38"><a:extLst><a:ext uri="{FF2B5EF4-FFF2-40B4-BE49-F238E27FC236}"><a16:creationId xmlns:a16="http://schemas.microsoft.com/office/drawing/2014/main" id="{F65AC520-5F24-CDB5-F8B5-E266447174CB}"/></a:ext></a:extLst></p:cNvPr><p:cNvPicPr><a:picLocks noChangeAspect="1"/></p:cNvPicPr><p:nvPr/></p:nvPicPr><p:blipFill><a:blip r:embed="rId5"/><a:stretch><a:fillRect/></a:stretch></p:blipFill><p:spPr><a:xfrm><a:off x="6412260" y="4511464"/><a:ext cx="1336573" cy="1317201"/></a:xfrm><a:prstGeom prst="rect"><a:avLst/></a:prstGeom></p:spPr></p:pic><p:pic><p:nvPicPr><p:cNvPr id="21" name="Imagen 34"><a:extLst><a:ext uri="{FF2B5EF4-FFF2-40B4-BE49-F238E27FC236}"><a16:creationId xmlns:a16="http://schemas.microsoft.com/office/drawing/2014/main" id="{7540EA5D-BDB4-65E5-E0A8-55556C2B2388}"/></a:ext></a:extLst></p:cNvPr><p:cNvPicPr><a:picLocks noChangeAspect="1"/></p:cNvPicPr><p:nvPr/></p:nvPicPr><p:blipFill><a:blip r:embed="rId6"/><a:stretch><a:fillRect/></a:stretch></p:blipFill><p:spPr><a:xfrm><a:off x="8087747" y="2620777"/><a:ext cx="1336573" cy="1308335"/></a:xfrm><a:prstGeom prst="rect"><a:avLst/></a:prstGeom></p:spPr></p:pic><p:pic><p:nvPicPr><p:cNvPr id="22" name="Imagen 40"><a:extLst><a:ext uri="{FF2B5EF4-FFF2-40B4-BE49-F238E27FC236}"><a16:creationId xmlns:a16="http://schemas.microsoft.com/office/drawing/2014/main" id="{44B5F551-7F3D-9129-FF3A-0DEA60176053}"/></a:ext></a:extLst></p:cNvPr><p:cNvPicPr><a:picLocks noChangeAspect="1"/></p:cNvPicPr><p:nvPr/></p:nvPicPr><p:blipFill><a:blip r:embed="rId7"/><a:stretch><a:fillRect/></a:stretch></p:blipFill><p:spPr><a:xfrm><a:off x="9775052" y="4528652"/><a:ext cx="1336572" cy="1307725"/></a:xfrm><a:prstGeom prst="rect"><a:avLst/></a:prstGeom></p:spPr></p:pic></p:spTree><p:extLst><p:ext uri="{BB962C8B-B14F-4D97-AF65-F5344CB8AC3E}"><p14:creationId xmlns:p14="http://schemas.microsoft.com/office/powerpoint/2010/main" val="3052379387"/></p:ext></p:extLst></p:cSld><p:clrMapOvr><a:masterClrMapping/></p:clrMapOvr></p:sld>