﻿[
    {
        "id":  "protection-obligatory-for-feet",
        "label":  "Protection obligatory for feet",
        "image":  "assets/signs/sign-000.png"
    },
    {
        "id":  "corrosive-material",
        "label":  "Corrosive material",
        "image":  "assets/signs/sign-001.png"
    },
    {
        "id":  "inflammable-material",
        "label":  "Inflammable material",
        "image":  "assets/signs/sign-002.png"
    },
    {
        "id":  "electric-shock",
        "label":  "Electric shock",
        "image":  "assets/signs/sign-003.png"
    },
    {
        "id":  "danger",
        "label":  "Danger",
        "image":  "assets/signs/sign-004.png"
    },
    {
        "id":  "first-aid",
        "label":  "First Aid",
        "image":  "assets/signs/sign-005.png"
    },
    {
        "id":  "first-aid-this-way",
        "label":  "First aid this way",
        "image":  "assets/signs/sign-006.png"
    },
    {
        "id":  "first-aid-here",
        "label":  "First aid here",
        "image":  "assets/signs/sign-007.png"
    },
    {
        "id":  "emergency-exit",
        "label":  "Emergency exit",
        "image":  "assets/signs/sign-008.png"
    },
    {
        "id":  "emergency-exit-this-way",
        "label":  "Emergency exit this way",
        "image":  "assets/signs/sign-009.png"
    },
    {
        "id":  "emergency-exit-this-way",
        "label":  "Emergency exit this way",
        "image":  "assets/signs/sign-010.png"
    },
    {
        "id":  "protection-obligatory-for-ears",
        "label":  "Protection obligatory for ears",
        "image":  "assets/signs/sign-011.png"
    },
    {
        "id":  "not-drinking-water",
        "label":  "Not drinking water",
        "image":  "assets/signs/sign-012.png"
    },
    {
        "id":  "no-running",
        "label":  "No running",
        "image":  "assets/signs/sign-013.png"
    },
    {
        "id":  "no-lighting-fires",
        "label":  "No lighting fires",
        "image":  "assets/signs/sign-014.png"
    },
    {
        "id":  "no-smoking",
        "label":  "No smoking",
        "image":  "assets/signs/sign-015.png"
    },
    {
        "id":  "don-t-extinguish-with-water",
        "label":  "Don’t extinguish with water",
        "image":  "assets/signs/sign-016.png"
    },
    {
        "id":  "protection-obligatory-for-hands",
        "label":  "Protection obligatory for hands",
        "image":  "assets/signs/sign-017.png"
    },
    {
        "id":  "protection-obligatory-for-your-head",
        "label":  "Protection obligatory for your head",
        "image":  "assets/signs/sign-018.png"
    },
    {
        "id":  "protection-obligatory-for-eyes",
        "label":  "Protection obligatory for eyes",
        "image":  "assets/signs/sign-019.png"
    },
    {
        "id":  "protection-obligatory-for-breathing",
        "label":  "Protection obligatory for breathing",
        "image":  "assets/signs/sign-020.png"
    },
    {
        "id":  "explosive-material",
        "label":  "Explosive material",
        "image":  "assets/signs/sign-021.png"
    },
    {
        "id":  "toxic-material",
        "label":  "Toxic material",
        "image":  "assets/signs/sign-022.png"
    },
    {
        "id":  "radioactive-material",
        "label":  "Radioactive material",
        "image":  "assets/signs/sign-023.png"
    }
]
