<?xml version="1.0" encoding="UTF-8" standalone="yes"?>
<p:sld xmlns:a="http://schemas.openxmlformats.org/drawingml/2006/main" xmlns:r="http://schemas.openxmlformats.org/officeDocument/2006/relationships" xmlns:p="http://schemas.openxmlformats.org/presentationml/2006/main"><p:cSld><p:spTree><p:nvGrpSpPr><p:cNvPr id="1" name=""><a:extLst><a:ext uri="{FF2B5EF4-FFF2-40B4-BE49-F238E27FC236}"><a16:creationId xmlns:a16="http://schemas.microsoft.com/office/drawing/2014/main" id="{402B0408-88B5-E509-C731-0F7BCAA0085C}"/></a:ext></a:extLst></p:cNvPr><p:cNvGrpSpPr/><p:nvPr/></p:nvGrpSpPr><p:grpSpPr><a:xfrm><a:off x="0" y="0"/><a:ext cx="0" cy="0"/><a:chOff x="0" y="0"/><a:chExt cx="0" cy="0"/></a:xfrm></p:grpSpPr><p:graphicFrame><p:nvGraphicFramePr><p:cNvPr id="6" name="Tabla 5"><a:extLst><a:ext uri="{FF2B5EF4-FFF2-40B4-BE49-F238E27FC236}"><a16:creationId xmlns:a16="http://schemas.microsoft.com/office/drawing/2014/main" id="{374C3D97-4029-79F0-070B-7FC5CB9F77E0}"/></a:ext></a:extLst></p:cNvPr><p:cNvGraphicFramePr><a:graphicFrameLocks noGrp="1"/></p:cNvGraphicFramePr><p:nvPr><p:extLst><p:ext uri="{D42A27DB-BD31-4B8C-83A1-F6EECF244321}"><p14:modId xmlns:p14="http://schemas.microsoft.com/office/powerpoint/2010/main" val="3237149341"/></p:ext></p:extLst></p:nvPr></p:nvGraphicFramePr><p:xfrm><a:off x="2152072" y="276321"/><a:ext cx="6234546" cy="1955800"/></p:xfrm><a:graphic><a:graphicData uri="http://schemas.openxmlformats.org/drawingml/2006/table"><a:tbl><a:tblPr firstRow="1" bandRow="1"><a:tableStyleId>{5C22544A-7EE6-4342-B048-85BDC9FD1C3A}</a:tableStyleId></a:tblPr><a:tblGrid><a:gridCol w="3823855"><a:extLst><a:ext uri="{9D8B030D-6E8A-4147-A177-3AD203B41FA5}"><a16:colId xmlns:a16="http://schemas.microsoft.com/office/drawing/2014/main" val="2613232866"/></a:ext></a:extLst></a:gridCol><a:gridCol w="2410691"><a:extLst><a:ext uri="{9D8B030D-6E8A-4147-A177-3AD203B41FA5}"><a16:colId xmlns:a16="http://schemas.microsoft.com/office/drawing/2014/main" val="697478740"/></a:ext></a:extLst></a:gridCol></a:tblGrid><a:tr h="370840"><a:tc><a:txBody><a:bodyPr/><a:lstStyle/><a:p><a:endParaRPr lang="en-GB" noProof="0" dirty="0"/></a:p></a:txBody><a:tcPr/></a:tc><a:tc><a:txBody><a:bodyPr/><a:lstStyle/><a:p><a:endParaRPr lang="en-GB" noProof="0" dirty="0"/></a:p></a:txBody><a:tcPr/></a:tc><a:extLst><a:ext uri="{0D108BD9-81ED-4DB2-BD59-A6C34878D82A}"><a16:rowId xmlns:a16="http://schemas.microsoft.com/office/drawing/2014/main" val="2879445242"/></a:ext></a:extLst></a:tr><a:tr h="370840"><a:tc><a:txBody><a:bodyPr/><a:lstStyle/><a:p><a:pPr><a:buNone/></a:pPr><a:r><a:rPr lang="en-GB" sz="2000" kern="100" noProof="0" dirty="0"><a:effectLst/><a:latin typeface="Calibri" panose="020F0502020204030204" pitchFamily="34" charset="0"/><a:ea typeface="Calibri" panose="020F0502020204030204" pitchFamily="34" charset="0"/><a:cs typeface="Calibri" panose="020F0502020204030204" pitchFamily="34" charset="0"/></a:rPr><a:t>Type:</a:t></a:r></a:p></a:txBody><a:tcPr marL="68580" marR="68580" marT="0" marB="0"/></a:tc><a:tc><a:txBody><a:bodyPr/><a:lstStyle/><a:p><a:r><a:rPr lang="en-GB" sz="2000" noProof="0" dirty="0"><a:latin typeface="Calibri" panose="020F0502020204030204" pitchFamily="34" charset="0"/><a:ea typeface="Calibri" panose="020F0502020204030204" pitchFamily="34" charset="0"/><a:cs typeface="Calibri" panose="020F0502020204030204" pitchFamily="34" charset="0"/></a:rPr><a:t>Danger signs</a:t></a:r></a:p></a:txBody><a:tcPr/></a:tc><a:extLst><a:ext uri="{0D108BD9-81ED-4DB2-BD59-A6C34878D82A}"><a16:rowId xmlns:a16="http://schemas.microsoft.com/office/drawing/2014/main" val="3851775916"/></a:ext></a:extLst></a:tr><a:tr h="370840"><a:tc><a:txBody><a:bodyPr/><a:lstStyle/><a:p><a:pPr><a:buNone/></a:pPr><a:r><a:rPr lang="en-GB" sz="2000" kern="100" noProof="0" dirty="0"><a:effectLst/><a:latin typeface="Calibri" panose="020F0502020204030204" pitchFamily="34" charset="0"/><a:ea typeface="Calibri" panose="020F0502020204030204" pitchFamily="34" charset="0"/><a:cs typeface="Calibri" panose="020F0502020204030204" pitchFamily="34" charset="0"/></a:rPr><a:t>Background colour:</a:t></a:r></a:p></a:txBody><a:tcPr marL="68580" marR="68580" marT="0" marB="0"/></a:tc><a:tc><a:txBody><a:bodyPr/><a:lstStyle/><a:p><a:r><a:rPr lang="en-GB" sz="2000" noProof="0" dirty="0"><a:latin typeface="Calibri" panose="020F0502020204030204" pitchFamily="34" charset="0"/><a:ea typeface="Calibri" panose="020F0502020204030204" pitchFamily="34" charset="0"/><a:cs typeface="Calibri" panose="020F0502020204030204" pitchFamily="34" charset="0"/></a:rPr><a:t>Yellow</a:t></a:r></a:p></a:txBody><a:tcPr/></a:tc><a:extLst><a:ext uri="{0D108BD9-81ED-4DB2-BD59-A6C34878D82A}"><a16:rowId xmlns:a16="http://schemas.microsoft.com/office/drawing/2014/main" val="451246360"/></a:ext></a:extLst></a:tr><a:tr h="370840"><a:tc><a:txBody><a:bodyPr/><a:lstStyle/><a:p><a:pPr><a:buNone/></a:pPr><a:r><a:rPr lang="en-GB" sz="2000" kern="100" noProof="0" dirty="0"><a:effectLst/><a:latin typeface="Calibri" panose="020F0502020204030204" pitchFamily="34" charset="0"/><a:ea typeface="Calibri" panose="020F0502020204030204" pitchFamily="34" charset="0"/><a:cs typeface="Calibri" panose="020F0502020204030204" pitchFamily="34" charset="0"/></a:rPr><a:t>Colour of edge:</a:t></a:r></a:p></a:txBody><a:tcPr marL="68580" marR="68580" marT="0" marB="0"/></a:tc><a:tc><a:txBody><a:bodyPr/><a:lstStyle/><a:p><a:r><a:rPr lang="en-GB" sz="2000" noProof="0" dirty="0"><a:latin typeface="Calibri" panose="020F0502020204030204" pitchFamily="34" charset="0"/><a:ea typeface="Calibri" panose="020F0502020204030204" pitchFamily="34" charset="0"/><a:cs typeface="Calibri" panose="020F0502020204030204" pitchFamily="34" charset="0"/></a:rPr><a:t>Black</a:t></a:r></a:p></a:txBody><a:tcPr/></a:tc><a:extLst><a:ext uri="{0D108BD9-81ED-4DB2-BD59-A6C34878D82A}"><a16:rowId xmlns:a16="http://schemas.microsoft.com/office/drawing/2014/main" val="2484881604"/></a:ext></a:extLst></a:tr><a:tr h="370840"><a:tc><a:txBody><a:bodyPr/><a:lstStyle/><a:p><a:pPr><a:buNone/></a:pPr><a:r><a:rPr lang="en-GB" sz="2000" kern="100" noProof="0" dirty="0"><a:effectLst/><a:latin typeface="Calibri" panose="020F0502020204030204" pitchFamily="34" charset="0"/><a:ea typeface="Calibri" panose="020F0502020204030204" pitchFamily="34" charset="0"/><a:cs typeface="Calibri" panose="020F0502020204030204" pitchFamily="34" charset="0"/></a:rPr><a:t>Colour of figure/image:</a:t></a:r></a:p></a:txBody><a:tcPr marL="68580" marR="68580" marT="0" marB="0"/></a:tc><a:tc><a:txBody><a:bodyPr/><a:lstStyle/><a:p><a:r><a:rPr lang="en-GB" sz="2000" noProof="0" dirty="0"><a:latin typeface="Calibri" panose="020F0502020204030204" pitchFamily="34" charset="0"/><a:ea typeface="Calibri" panose="020F0502020204030204" pitchFamily="34" charset="0"/><a:cs typeface="Calibri" panose="020F0502020204030204" pitchFamily="34" charset="0"/></a:rPr><a:t>Black</a:t></a:r></a:p></a:txBody><a:tcPr/></a:tc><a:extLst><a:ext uri="{0D108BD9-81ED-4DB2-BD59-A6C34878D82A}"><a16:rowId xmlns:a16="http://schemas.microsoft.com/office/drawing/2014/main" val="1362054663"/></a:ext></a:extLst></a:tr></a:tbl></a:graphicData></a:graphic></p:graphicFrame><p:sp><p:nvSpPr><p:cNvPr id="15" name="TextBox 14"><a:extLst><a:ext uri="{FF2B5EF4-FFF2-40B4-BE49-F238E27FC236}"><a16:creationId xmlns:a16="http://schemas.microsoft.com/office/drawing/2014/main" id="{504061F9-BA81-75FB-F4A9-82092EF47B99}"/></a:ext></a:extLst></p:cNvPr><p:cNvSpPr txBox="1"/><p:nvPr/></p:nvSpPr><p:spPr><a:xfrm><a:off x="602604" y="3864469"/><a:ext cx="2177563" cy="369332"/></a:xfrm><a:prstGeom prst="rect"><a:avLst/></a:prstGeom><a:noFill/></p:spPr><p:txBody><a:bodyPr wrap="square" rtlCol="0"><a:spAutoFit/></a:bodyPr><a:lstStyle/><a:p><a:pPr algn="ctr"/><a:r><a:rPr lang="en-GB" noProof="0" dirty="0"/><a:t>Toxic material</a:t></a:r></a:p></p:txBody></p:sp><p:sp><p:nvSpPr><p:cNvPr id="16" name="TextBox 15"><a:extLst><a:ext uri="{FF2B5EF4-FFF2-40B4-BE49-F238E27FC236}"><a16:creationId xmlns:a16="http://schemas.microsoft.com/office/drawing/2014/main" id="{8D71E063-3C4C-AE29-A13F-FE416F0BB19D}"/></a:ext></a:extLst></p:cNvPr><p:cNvSpPr txBox="1"/><p:nvPr/></p:nvSpPr><p:spPr><a:xfrm><a:off x="3636607" y="3808696"/><a:ext cx="2177563" cy="646331"/></a:xfrm><a:prstGeom prst="rect"><a:avLst/></a:prstGeom><a:noFill/></p:spPr><p:txBody><a:bodyPr wrap="square" rtlCol="0"><a:spAutoFit/></a:bodyPr><a:lstStyle/><a:p><a:pPr algn="ctr"/><a:r><a:rPr lang="en-GB" noProof="0" dirty="0"/><a:t>Radioactive material</a:t></a:r></a:p></p:txBody></p:sp><p:sp><p:nvSpPr><p:cNvPr id="17" name="TextBox 16"><a:extLst><a:ext uri="{FF2B5EF4-FFF2-40B4-BE49-F238E27FC236}"><a16:creationId xmlns:a16="http://schemas.microsoft.com/office/drawing/2014/main" id="{99AA2A30-088C-5435-A1F4-9C3A5D5623C9}"/></a:ext></a:extLst></p:cNvPr><p:cNvSpPr txBox="1"/><p:nvPr/></p:nvSpPr><p:spPr><a:xfrm><a:off x="6348145" y="3772497"/><a:ext cx="2177563" cy="646331"/></a:xfrm><a:prstGeom prst="rect"><a:avLst/></a:prstGeom><a:noFill/></p:spPr><p:txBody><a:bodyPr wrap="square" rtlCol="0"><a:spAutoFit/></a:bodyPr><a:lstStyle/><a:p><a:pPr algn="ctr"/><a:r><a:rPr lang="en-GB" noProof="0" dirty="0"/><a:t>Inflammable material</a:t></a:r></a:p></p:txBody></p:sp><p:sp><p:nvSpPr><p:cNvPr id="18" name="TextBox 17"><a:extLst><a:ext uri="{FF2B5EF4-FFF2-40B4-BE49-F238E27FC236}"><a16:creationId xmlns:a16="http://schemas.microsoft.com/office/drawing/2014/main" id="{7EA4D50E-34DD-5C25-56FA-0D814BD967C0}"/></a:ext></a:extLst></p:cNvPr><p:cNvSpPr txBox="1"/><p:nvPr/></p:nvSpPr><p:spPr><a:xfrm><a:off x="2104482" y="5700798"/><a:ext cx="2062988" cy="369332"/></a:xfrm><a:prstGeom prst="rect"><a:avLst/></a:prstGeom><a:noFill/></p:spPr><p:txBody><a:bodyPr wrap="square" rtlCol="0"><a:spAutoFit/></a:bodyPr><a:lstStyle/><a:p><a:pPr algn="ctr"/><a:r><a:rPr lang="en-GB" noProof="0" dirty="0"/><a:t>Explosive material</a:t></a:r></a:p></p:txBody></p:sp><p:sp><p:nvSpPr><p:cNvPr id="19" name="TextBox 18"><a:extLst><a:ext uri="{FF2B5EF4-FFF2-40B4-BE49-F238E27FC236}"><a16:creationId xmlns:a16="http://schemas.microsoft.com/office/drawing/2014/main" id="{9E5C5363-BCE0-3CE6-3316-9654856D2926}"/></a:ext></a:extLst></p:cNvPr><p:cNvSpPr txBox="1"/><p:nvPr/></p:nvSpPr><p:spPr><a:xfrm><a:off x="7947367" y="5695886"/><a:ext cx="2415539" cy="369332"/></a:xfrm><a:prstGeom prst="rect"><a:avLst/></a:prstGeom><a:noFill/></p:spPr><p:txBody><a:bodyPr wrap="square" rtlCol="0"><a:spAutoFit/></a:bodyPr><a:lstStyle/><a:p><a:pPr algn="ctr"/><a:r><a:rPr lang="en-GB" noProof="0" dirty="0"/><a:t>Danger</a:t></a:r></a:p></p:txBody></p:sp><p:sp><p:nvSpPr><p:cNvPr id="20" name="TextBox 19"><a:extLst><a:ext uri="{FF2B5EF4-FFF2-40B4-BE49-F238E27FC236}"><a16:creationId xmlns:a16="http://schemas.microsoft.com/office/drawing/2014/main" id="{6E624D30-6172-5F44-F4AE-2A96728486A9}"/></a:ext></a:extLst></p:cNvPr><p:cNvSpPr txBox="1"/><p:nvPr/></p:nvSpPr><p:spPr><a:xfrm><a:off x="4987256" y="5710779"/><a:ext cx="2530203" cy="369332"/></a:xfrm><a:prstGeom prst="rect"><a:avLst/></a:prstGeom><a:noFill/></p:spPr><p:txBody><a:bodyPr wrap="square" rtlCol="0"><a:spAutoFit/></a:bodyPr><a:lstStyle/><a:p><a:pPr algn="ctr"/><a:r><a:rPr lang="en-GB" noProof="0" dirty="0"/><a:t>Electric shock</a:t></a:r></a:p></p:txBody></p:sp><p:pic><p:nvPicPr><p:cNvPr id="29" name="Imagen 4"><a:extLst><a:ext uri="{FF2B5EF4-FFF2-40B4-BE49-F238E27FC236}"><a16:creationId xmlns:a16="http://schemas.microsoft.com/office/drawing/2014/main" id="{0F9E398F-17F9-EB89-6E24-25ACB3D79A54}"/></a:ext></a:extLst></p:cNvPr><p:cNvPicPr><a:picLocks noChangeAspect="1"/></p:cNvPicPr><p:nvPr/></p:nvPicPr><p:blipFill><a:blip r:embed="rId2"/><a:stretch><a:fillRect/></a:stretch></p:blipFill><p:spPr><a:xfrm><a:off x="2235753" y="4321324"/><a:ext cx="1647533" cy="1291951"/></a:xfrm><a:prstGeom prst="rect"><a:avLst/></a:prstGeom></p:spPr></p:pic><p:pic><p:nvPicPr><p:cNvPr id="30" name="Imagen 6"><a:extLst><a:ext uri="{FF2B5EF4-FFF2-40B4-BE49-F238E27FC236}"><a16:creationId xmlns:a16="http://schemas.microsoft.com/office/drawing/2014/main" id="{2350E288-2428-A771-26E5-399D507BAB9B}"/></a:ext></a:extLst></p:cNvPr><p:cNvPicPr><a:picLocks noChangeAspect="1"/></p:cNvPicPr><p:nvPr/></p:nvPicPr><p:blipFill><a:blip r:embed="rId3"/><a:stretch><a:fillRect/></a:stretch></p:blipFill><p:spPr><a:xfrm><a:off x="874771" y="2572518"/><a:ext cx="1582931" cy="1291951"/></a:xfrm><a:prstGeom prst="rect"><a:avLst/></a:prstGeom></p:spPr></p:pic><p:pic><p:nvPicPr><p:cNvPr id="31" name="Imagen 8"><a:extLst><a:ext uri="{FF2B5EF4-FFF2-40B4-BE49-F238E27FC236}"><a16:creationId xmlns:a16="http://schemas.microsoft.com/office/drawing/2014/main" id="{54C78F96-52C9-E6C0-052D-B07372A84A05}"/></a:ext></a:extLst></p:cNvPr><p:cNvPicPr><a:picLocks noChangeAspect="1"/></p:cNvPicPr><p:nvPr/></p:nvPicPr><p:blipFill><a:blip r:embed="rId4"/><a:stretch><a:fillRect/></a:stretch></p:blipFill><p:spPr><a:xfrm><a:off x="3916464" y="2460252"/><a:ext cx="1647534" cy="1308336"/></a:xfrm><a:prstGeom prst="rect"><a:avLst/></a:prstGeom></p:spPr></p:pic><p:pic><p:nvPicPr><p:cNvPr id="32" name="Imagen 10"><a:extLst><a:ext uri="{FF2B5EF4-FFF2-40B4-BE49-F238E27FC236}"><a16:creationId xmlns:a16="http://schemas.microsoft.com/office/drawing/2014/main" id="{086C9691-9993-65F8-7949-700AABF70883}"/></a:ext></a:extLst></p:cNvPr><p:cNvPicPr><a:picLocks noChangeAspect="1"/></p:cNvPicPr><p:nvPr/></p:nvPicPr><p:blipFill><a:blip r:embed="rId5"/><a:stretch><a:fillRect/></a:stretch></p:blipFill><p:spPr><a:xfrm><a:off x="9382320" y="2594110"/><a:ext cx="1438303" cy="1308336"/></a:xfrm><a:prstGeom prst="rect"><a:avLst/></a:prstGeom></p:spPr></p:pic><p:pic><p:nvPicPr><p:cNvPr id="33" name="Imagen 12"><a:extLst><a:ext uri="{FF2B5EF4-FFF2-40B4-BE49-F238E27FC236}"><a16:creationId xmlns:a16="http://schemas.microsoft.com/office/drawing/2014/main" id="{8C98BA07-129E-C87F-FB95-4C3EE4165810}"/></a:ext></a:extLst></p:cNvPr><p:cNvPicPr><a:picLocks noChangeAspect="1"/></p:cNvPicPr><p:nvPr/></p:nvPicPr><p:blipFill><a:blip r:embed="rId6"/><a:stretch><a:fillRect/></a:stretch></p:blipFill><p:spPr><a:xfrm><a:off x="6628003" y="2480546"/><a:ext cx="1617848" cy="1291951"/></a:xfrm><a:prstGeom prst="rect"><a:avLst/></a:prstGeom></p:spPr></p:pic><p:pic><p:nvPicPr><p:cNvPr id="34" name="Imagen 14"><a:extLst><a:ext uri="{FF2B5EF4-FFF2-40B4-BE49-F238E27FC236}"><a16:creationId xmlns:a16="http://schemas.microsoft.com/office/drawing/2014/main" id="{49061D2E-A73C-470B-9352-3DB95808B753}"/></a:ext></a:extLst></p:cNvPr><p:cNvPicPr><a:picLocks noChangeAspect="1"/></p:cNvPicPr><p:nvPr/></p:nvPicPr><p:blipFill><a:blip r:embed="rId7"/><a:stretch><a:fillRect/></a:stretch></p:blipFill><p:spPr><a:xfrm><a:off x="5481929" y="4350376"/><a:ext cx="1540858" cy="1291951"/></a:xfrm><a:prstGeom prst="rect"><a:avLst/></a:prstGeom></p:spPr></p:pic><p:pic><p:nvPicPr><p:cNvPr id="35" name="Imagen 16"><a:extLst><a:ext uri="{FF2B5EF4-FFF2-40B4-BE49-F238E27FC236}"><a16:creationId xmlns:a16="http://schemas.microsoft.com/office/drawing/2014/main" id="{A11819CE-2E76-2904-A912-C2187992260C}"/></a:ext></a:extLst></p:cNvPr><p:cNvPicPr><a:picLocks noChangeAspect="1"/></p:cNvPicPr><p:nvPr/></p:nvPicPr><p:blipFill><a:blip r:embed="rId8"/><a:stretch><a:fillRect/></a:stretch></p:blipFill><p:spPr><a:xfrm><a:off x="8400939" y="4455027"/><a:ext cx="1508396" cy="1227764"/></a:xfrm><a:prstGeom prst="rect"><a:avLst/></a:prstGeom></p:spPr></p:pic><p:sp><p:nvSpPr><p:cNvPr id="36" name="TextBox 35"><a:extLst><a:ext uri="{FF2B5EF4-FFF2-40B4-BE49-F238E27FC236}"><a16:creationId xmlns:a16="http://schemas.microsoft.com/office/drawing/2014/main" id="{C15E1CB9-0886-1A5F-82B4-68C12CD7056C}"/></a:ext></a:extLst></p:cNvPr><p:cNvSpPr txBox="1"/><p:nvPr/></p:nvSpPr><p:spPr><a:xfrm><a:off x="9056025" y="3897297"/><a:ext cx="1947861" cy="646331"/></a:xfrm><a:prstGeom prst="rect"><a:avLst/></a:prstGeom><a:noFill/></p:spPr><p:txBody><a:bodyPr wrap="square" rtlCol="0"><a:spAutoFit/></a:bodyPr><a:lstStyle/><a:p><a:pPr algn="ctr"/><a:r><a:rPr lang="en-GB" noProof="0" dirty="0"/><a:t>Corrosive material</a:t></a:r></a:p></p:txBody></p:sp></p:spTree><p:extLst><p:ext uri="{BB962C8B-B14F-4D97-AF65-F5344CB8AC3E}"><p14:creationId xmlns:p14="http://schemas.microsoft.com/office/powerpoint/2010/main" val="3353620978"/></p:ext></p:extLst></p:cSld><p:clrMapOvr><a:masterClrMapping/></p:clrMapOvr></p:sld>