<?xml version="1.0" encoding="UTF-8" standalone="yes"?>
<p:sld xmlns:a="http://schemas.openxmlformats.org/drawingml/2006/main" xmlns:r="http://schemas.openxmlformats.org/officeDocument/2006/relationships" xmlns:p="http://schemas.openxmlformats.org/presentationml/2006/main"><p:cSld><p:spTree><p:nvGrpSpPr><p:cNvPr id="1" name=""><a:extLst><a:ext uri="{FF2B5EF4-FFF2-40B4-BE49-F238E27FC236}"><a16:creationId xmlns:a16="http://schemas.microsoft.com/office/drawing/2014/main" id="{1AB9E1BF-E36E-43B5-EB7A-625D8836E6A7}"/></a:ext></a:extLst></p:cNvPr><p:cNvGrpSpPr/><p:nvPr/></p:nvGrpSpPr><p:grpSpPr><a:xfrm><a:off x="0" y="0"/><a:ext cx="0" cy="0"/><a:chOff x="0" y="0"/><a:chExt cx="0" cy="0"/></a:xfrm></p:grpSpPr><p:graphicFrame><p:nvGraphicFramePr><p:cNvPr id="6" name="Tabla 5"><a:extLst><a:ext uri="{FF2B5EF4-FFF2-40B4-BE49-F238E27FC236}"><a16:creationId xmlns:a16="http://schemas.microsoft.com/office/drawing/2014/main" id="{7FF87671-394C-2553-6530-E80863767633}"/></a:ext></a:extLst></p:cNvPr><p:cNvGraphicFramePr><a:graphicFrameLocks noGrp="1"/></p:cNvGraphicFramePr><p:nvPr><p:extLst><p:ext uri="{D42A27DB-BD31-4B8C-83A1-F6EECF244321}"><p14:modId xmlns:p14="http://schemas.microsoft.com/office/powerpoint/2010/main" val="744101202"/></p:ext></p:extLst></p:nvPr></p:nvGraphicFramePr><p:xfrm><a:off x="2152072" y="276321"/><a:ext cx="6234546" cy="1955800"/></p:xfrm><a:graphic><a:graphicData uri="http://schemas.openxmlformats.org/drawingml/2006/table"><a:tbl><a:tblPr firstRow="1" bandRow="1"><a:tableStyleId>{5C22544A-7EE6-4342-B048-85BDC9FD1C3A}</a:tableStyleId></a:tblPr><a:tblGrid><a:gridCol w="3823855"><a:extLst><a:ext uri="{9D8B030D-6E8A-4147-A177-3AD203B41FA5}"><a16:colId xmlns:a16="http://schemas.microsoft.com/office/drawing/2014/main" val="2613232866"/></a:ext></a:extLst></a:gridCol><a:gridCol w="2410691"><a:extLst><a:ext uri="{9D8B030D-6E8A-4147-A177-3AD203B41FA5}"><a16:colId xmlns:a16="http://schemas.microsoft.com/office/drawing/2014/main" val="697478740"/></a:ext></a:extLst></a:gridCol></a:tblGrid><a:tr h="370840"><a:tc><a:txBody><a:bodyPr/><a:lstStyle/><a:p><a:endParaRPr lang="en-GB" noProof="0" dirty="0"/></a:p></a:txBody><a:tcPr/></a:tc><a:tc><a:txBody><a:bodyPr/><a:lstStyle/><a:p><a:endParaRPr lang="en-GB" noProof="0" dirty="0"/></a:p></a:txBody><a:tcPr/></a:tc><a:extLst><a:ext uri="{0D108BD9-81ED-4DB2-BD59-A6C34878D82A}"><a16:rowId xmlns:a16="http://schemas.microsoft.com/office/drawing/2014/main" val="2879445242"/></a:ext></a:extLst></a:tr><a:tr h="370840"><a:tc><a:txBody><a:bodyPr/><a:lstStyle/><a:p><a:pPr><a:buNone/></a:pPr><a:r><a:rPr lang="en-GB" sz="2000" kern="100" noProof="0" dirty="0"><a:effectLst/><a:latin typeface="Calibri" panose="020F0502020204030204" pitchFamily="34" charset="0"/><a:ea typeface="Calibri" panose="020F0502020204030204" pitchFamily="34" charset="0"/><a:cs typeface="Calibri" panose="020F0502020204030204" pitchFamily="34" charset="0"/></a:rPr><a:t>Type:</a:t></a:r></a:p></a:txBody><a:tcPr marL="68580" marR="68580" marT="0" marB="0"/></a:tc><a:tc><a:txBody><a:bodyPr/><a:lstStyle/><a:p><a:r><a:rPr lang="en-GB" sz="2000" noProof="0" dirty="0"><a:latin typeface="Calibri" panose="020F0502020204030204" pitchFamily="34" charset="0"/><a:ea typeface="Calibri" panose="020F0502020204030204" pitchFamily="34" charset="0"/><a:cs typeface="Calibri" panose="020F0502020204030204" pitchFamily="34" charset="0"/></a:rPr><a:t>Emergency signs</a:t></a:r></a:p></a:txBody><a:tcPr/></a:tc><a:extLst><a:ext uri="{0D108BD9-81ED-4DB2-BD59-A6C34878D82A}"><a16:rowId xmlns:a16="http://schemas.microsoft.com/office/drawing/2014/main" val="3851775916"/></a:ext></a:extLst></a:tr><a:tr h="370840"><a:tc><a:txBody><a:bodyPr/><a:lstStyle/><a:p><a:pPr><a:buNone/></a:pPr><a:r><a:rPr lang="en-GB" sz="2000" kern="100" noProof="0" dirty="0"><a:effectLst/><a:latin typeface="Calibri" panose="020F0502020204030204" pitchFamily="34" charset="0"/><a:ea typeface="Calibri" panose="020F0502020204030204" pitchFamily="34" charset="0"/><a:cs typeface="Calibri" panose="020F0502020204030204" pitchFamily="34" charset="0"/></a:rPr><a:t>Background colour:</a:t></a:r></a:p></a:txBody><a:tcPr marL="68580" marR="68580" marT="0" marB="0"/></a:tc><a:tc><a:txBody><a:bodyPr/><a:lstStyle/><a:p><a:r><a:rPr lang="en-GB" sz="2000" noProof="0" dirty="0"><a:latin typeface="Calibri" panose="020F0502020204030204" pitchFamily="34" charset="0"/><a:ea typeface="Calibri" panose="020F0502020204030204" pitchFamily="34" charset="0"/><a:cs typeface="Calibri" panose="020F0502020204030204" pitchFamily="34" charset="0"/></a:rPr><a:t>Green</a:t></a:r></a:p></a:txBody><a:tcPr/></a:tc><a:extLst><a:ext uri="{0D108BD9-81ED-4DB2-BD59-A6C34878D82A}"><a16:rowId xmlns:a16="http://schemas.microsoft.com/office/drawing/2014/main" val="451246360"/></a:ext></a:extLst></a:tr><a:tr h="370840"><a:tc><a:txBody><a:bodyPr/><a:lstStyle/><a:p><a:pPr><a:buNone/></a:pPr><a:r><a:rPr lang="en-GB" sz="2000" kern="100" noProof="0" dirty="0"><a:effectLst/><a:latin typeface="Calibri" panose="020F0502020204030204" pitchFamily="34" charset="0"/><a:ea typeface="Calibri" panose="020F0502020204030204" pitchFamily="34" charset="0"/><a:cs typeface="Calibri" panose="020F0502020204030204" pitchFamily="34" charset="0"/></a:rPr><a:t>Colour of edge:</a:t></a:r></a:p></a:txBody><a:tcPr marL="68580" marR="68580" marT="0" marB="0"/></a:tc><a:tc><a:txBody><a:bodyPr/><a:lstStyle/><a:p><a:r><a:rPr lang="en-GB" sz="2000" noProof="0" dirty="0"><a:latin typeface="Calibri" panose="020F0502020204030204" pitchFamily="34" charset="0"/><a:ea typeface="Calibri" panose="020F0502020204030204" pitchFamily="34" charset="0"/><a:cs typeface="Calibri" panose="020F0502020204030204" pitchFamily="34" charset="0"/></a:rPr><a:t>White</a:t></a:r></a:p></a:txBody><a:tcPr/></a:tc><a:extLst><a:ext uri="{0D108BD9-81ED-4DB2-BD59-A6C34878D82A}"><a16:rowId xmlns:a16="http://schemas.microsoft.com/office/drawing/2014/main" val="2484881604"/></a:ext></a:extLst></a:tr><a:tr h="370840"><a:tc><a:txBody><a:bodyPr/><a:lstStyle/><a:p><a:pPr><a:buNone/></a:pPr><a:r><a:rPr lang="en-GB" sz="2000" kern="100" noProof="0" dirty="0"><a:effectLst/><a:latin typeface="Calibri" panose="020F0502020204030204" pitchFamily="34" charset="0"/><a:ea typeface="Calibri" panose="020F0502020204030204" pitchFamily="34" charset="0"/><a:cs typeface="Calibri" panose="020F0502020204030204" pitchFamily="34" charset="0"/></a:rPr><a:t>Colour of figure/image:</a:t></a:r></a:p></a:txBody><a:tcPr marL="68580" marR="68580" marT="0" marB="0"/></a:tc><a:tc><a:txBody><a:bodyPr/><a:lstStyle/><a:p><a:r><a:rPr lang="en-GB" sz="2000" noProof="0" dirty="0"><a:latin typeface="Calibri" panose="020F0502020204030204" pitchFamily="34" charset="0"/><a:ea typeface="Calibri" panose="020F0502020204030204" pitchFamily="34" charset="0"/><a:cs typeface="Calibri" panose="020F0502020204030204" pitchFamily="34" charset="0"/></a:rPr><a:t>White</a:t></a:r></a:p></a:txBody><a:tcPr/></a:tc><a:extLst><a:ext uri="{0D108BD9-81ED-4DB2-BD59-A6C34878D82A}"><a16:rowId xmlns:a16="http://schemas.microsoft.com/office/drawing/2014/main" val="1362054663"/></a:ext></a:extLst></a:tr></a:tbl></a:graphicData></a:graphic></p:graphicFrame><p:sp><p:nvSpPr><p:cNvPr id="15" name="TextBox 14"><a:extLst><a:ext uri="{FF2B5EF4-FFF2-40B4-BE49-F238E27FC236}"><a16:creationId xmlns:a16="http://schemas.microsoft.com/office/drawing/2014/main" id="{F32196E5-76E5-FB53-29B6-7156A2400EC2}"/></a:ext></a:extLst></p:cNvPr><p:cNvSpPr txBox="1"/><p:nvPr/></p:nvSpPr><p:spPr><a:xfrm><a:off x="602604" y="3864469"/><a:ext cx="2177563" cy="369332"/></a:xfrm><a:prstGeom prst="rect"><a:avLst/></a:prstGeom><a:noFill/></p:spPr><p:txBody><a:bodyPr wrap="square" rtlCol="0"><a:spAutoFit/></a:bodyPr><a:lstStyle/><a:p><a:pPr algn="ctr"/><a:r><a:rPr lang="en-GB" noProof="0" dirty="0"/><a:t>First Aid</a:t></a:r></a:p></p:txBody></p:sp><p:sp><p:nvSpPr><p:cNvPr id="16" name="TextBox 15"><a:extLst><a:ext uri="{FF2B5EF4-FFF2-40B4-BE49-F238E27FC236}"><a16:creationId xmlns:a16="http://schemas.microsoft.com/office/drawing/2014/main" id="{D54A71F9-7934-AEA8-3F96-9C2B75656E50}"/></a:ext></a:extLst></p:cNvPr><p:cNvSpPr txBox="1"/><p:nvPr/></p:nvSpPr><p:spPr><a:xfrm><a:off x="3636607" y="3808696"/><a:ext cx="2177563" cy="369332"/></a:xfrm><a:prstGeom prst="rect"><a:avLst/></a:prstGeom><a:noFill/></p:spPr><p:txBody><a:bodyPr wrap="square" rtlCol="0"><a:spAutoFit/></a:bodyPr><a:lstStyle/><a:p><a:pPr algn="ctr"/><a:r><a:rPr lang="en-GB" noProof="0" dirty="0"/><a:t>First aid this way</a:t></a:r></a:p></p:txBody></p:sp><p:sp><p:nvSpPr><p:cNvPr id="17" name="TextBox 16"><a:extLst><a:ext uri="{FF2B5EF4-FFF2-40B4-BE49-F238E27FC236}"><a16:creationId xmlns:a16="http://schemas.microsoft.com/office/drawing/2014/main" id="{FF2A0F86-0518-15DB-8900-0DCCE67AD3B2}"/></a:ext></a:extLst></p:cNvPr><p:cNvSpPr txBox="1"/><p:nvPr/></p:nvSpPr><p:spPr><a:xfrm><a:off x="6079700" y="4299275"/><a:ext cx="2177563" cy="369332"/></a:xfrm><a:prstGeom prst="rect"><a:avLst/></a:prstGeom><a:noFill/></p:spPr><p:txBody><a:bodyPr wrap="square" rtlCol="0"><a:spAutoFit/></a:bodyPr><a:lstStyle/><a:p><a:pPr algn="ctr"/><a:r><a:rPr lang="en-GB" noProof="0" dirty="0"/><a:t>First aid here</a:t></a:r></a:p></p:txBody></p:sp><p:sp><p:nvSpPr><p:cNvPr id="20" name="TextBox 19"><a:extLst><a:ext uri="{FF2B5EF4-FFF2-40B4-BE49-F238E27FC236}"><a16:creationId xmlns:a16="http://schemas.microsoft.com/office/drawing/2014/main" id="{437E5529-7877-EFFB-516F-2FF8F0723DEF}"/></a:ext></a:extLst></p:cNvPr><p:cNvSpPr txBox="1"/><p:nvPr/></p:nvSpPr><p:spPr><a:xfrm><a:off x="2493315" y="5903999"/><a:ext cx="2530203" cy="369332"/></a:xfrm><a:prstGeom prst="rect"><a:avLst/></a:prstGeom><a:noFill/></p:spPr><p:txBody><a:bodyPr wrap="square" rtlCol="0"><a:spAutoFit/></a:bodyPr><a:lstStyle/><a:p><a:pPr algn="ctr"/><a:r><a:rPr lang="en-GB" noProof="0" dirty="0"/><a:t>Emergency exit this way</a:t></a:r></a:p></p:txBody></p:sp><p:sp><p:nvSpPr><p:cNvPr id="36" name="TextBox 35"><a:extLst><a:ext uri="{FF2B5EF4-FFF2-40B4-BE49-F238E27FC236}"><a16:creationId xmlns:a16="http://schemas.microsoft.com/office/drawing/2014/main" id="{A7AFD1FB-FE8E-7E79-D29E-A74669EFE495}"/></a:ext></a:extLst></p:cNvPr><p:cNvSpPr txBox="1"/><p:nvPr/></p:nvSpPr><p:spPr><a:xfrm><a:off x="9021219" y="4049135"/><a:ext cx="1947861" cy="369332"/></a:xfrm><a:prstGeom prst="rect"><a:avLst/></a:prstGeom><a:noFill/></p:spPr><p:txBody><a:bodyPr wrap="square" rtlCol="0"><a:spAutoFit/></a:bodyPr><a:lstStyle/><a:p><a:pPr algn="ctr"/><a:r><a:rPr lang="en-GB" noProof="0" dirty="0"/><a:t>Emergency exit</a:t></a:r></a:p></p:txBody></p:sp><p:pic><p:nvPicPr><p:cNvPr id="2" name="Imagen 18"><a:extLst><a:ext uri="{FF2B5EF4-FFF2-40B4-BE49-F238E27FC236}"><a16:creationId xmlns:a16="http://schemas.microsoft.com/office/drawing/2014/main" id="{DA5C18C7-16CE-2B5D-4EAF-029A9850CEEB}"/></a:ext></a:extLst></p:cNvPr><p:cNvPicPr><a:picLocks noChangeAspect="1"/></p:cNvPicPr><p:nvPr/></p:nvPicPr><p:blipFill><a:blip r:embed="rId2"/><a:stretch><a:fillRect/></a:stretch></p:blipFill><p:spPr><a:xfrm><a:off x="1083125" y="2521468"/><a:ext cx="1308335" cy="1308335"/></a:xfrm><a:prstGeom prst="rect"><a:avLst/></a:prstGeom></p:spPr></p:pic><p:pic><p:nvPicPr><p:cNvPr id="3" name="Imagen 20"><a:extLst><a:ext uri="{FF2B5EF4-FFF2-40B4-BE49-F238E27FC236}"><a16:creationId xmlns:a16="http://schemas.microsoft.com/office/drawing/2014/main" id="{6B803C1F-2F97-6FBD-47AE-F133A9B40D7A}"/></a:ext></a:extLst></p:cNvPr><p:cNvPicPr><a:picLocks noChangeAspect="1"/></p:cNvPicPr><p:nvPr/></p:nvPicPr><p:blipFill><a:blip r:embed="rId3"/><a:stretch><a:fillRect/></a:stretch></p:blipFill><p:spPr><a:xfrm><a:off x="3818665" y="2445484"/><a:ext cx="1813445" cy="1363212"/></a:xfrm><a:prstGeom prst="rect"><a:avLst/></a:prstGeom></p:spPr></p:pic><p:pic><p:nvPicPr><p:cNvPr id="4" name="Imagen 22"><a:extLst><a:ext uri="{FF2B5EF4-FFF2-40B4-BE49-F238E27FC236}"><a16:creationId xmlns:a16="http://schemas.microsoft.com/office/drawing/2014/main" id="{A68FE072-E9FB-E356-BF11-73DC371B3ED1}"/></a:ext></a:extLst></p:cNvPr><p:cNvPicPr><a:picLocks noChangeAspect="1"/></p:cNvPicPr><p:nvPr/></p:nvPicPr><p:blipFill><a:blip r:embed="rId4"/><a:stretch><a:fillRect/></a:stretch></p:blipFill><p:spPr><a:xfrm><a:off x="6529766" y="2549919"/><a:ext cx="1308335" cy="1719527"/></a:xfrm><a:prstGeom prst="rect"><a:avLst/></a:prstGeom></p:spPr></p:pic><p:pic><p:nvPicPr><p:cNvPr id="5" name="Imagen 24"><a:extLst><a:ext uri="{FF2B5EF4-FFF2-40B4-BE49-F238E27FC236}"><a16:creationId xmlns:a16="http://schemas.microsoft.com/office/drawing/2014/main" id="{21C07C32-820B-2778-D4D1-58A8756F76C3}"/></a:ext></a:extLst></p:cNvPr><p:cNvPicPr><a:picLocks noChangeAspect="1"/></p:cNvPicPr><p:nvPr/></p:nvPicPr><p:blipFill><a:blip r:embed="rId5"/><a:stretch><a:fillRect/></a:stretch></p:blipFill><p:spPr><a:xfrm><a:off x="9319039" y="2267326"/><a:ext cx="1237071" cy="1719527"/></a:xfrm><a:prstGeom prst="rect"><a:avLst/></a:prstGeom></p:spPr></p:pic><p:pic><p:nvPicPr><p:cNvPr id="7" name="Imagen 26"><a:extLst><a:ext uri="{FF2B5EF4-FFF2-40B4-BE49-F238E27FC236}"><a16:creationId xmlns:a16="http://schemas.microsoft.com/office/drawing/2014/main" id="{1A96CA71-0B71-CB18-715C-D02F0D85FCBC}"/></a:ext></a:extLst></p:cNvPr><p:cNvPicPr><a:picLocks noChangeAspect="1"/></p:cNvPicPr><p:nvPr/></p:nvPicPr><p:blipFill><a:blip r:embed="rId6"/><a:stretch><a:fillRect/></a:stretch></p:blipFill><p:spPr><a:xfrm><a:off x="2726912" y="4590276"/><a:ext cx="2063010" cy="1305169"/></a:xfrm><a:prstGeom prst="rect"><a:avLst/></a:prstGeom></p:spPr></p:pic><p:pic><p:nvPicPr><p:cNvPr id="8" name="Imagen 28"><a:extLst><a:ext uri="{FF2B5EF4-FFF2-40B4-BE49-F238E27FC236}"><a16:creationId xmlns:a16="http://schemas.microsoft.com/office/drawing/2014/main" id="{E109AE4A-772E-765A-773B-995761920FA8}"/></a:ext></a:extLst></p:cNvPr><p:cNvPicPr><a:picLocks noChangeAspect="1"/></p:cNvPicPr><p:nvPr/></p:nvPicPr><p:blipFill><a:blip r:embed="rId7"/><a:stretch><a:fillRect/></a:stretch></p:blipFill><p:spPr><a:xfrm><a:off x="7621997" y="4671084"/><a:ext cx="1697042" cy="1266807"/></a:xfrm><a:prstGeom prst="rect"><a:avLst/></a:prstGeom></p:spPr></p:pic><p:sp><p:nvSpPr><p:cNvPr id="9" name="TextBox 8"><a:extLst><a:ext uri="{FF2B5EF4-FFF2-40B4-BE49-F238E27FC236}"><a16:creationId xmlns:a16="http://schemas.microsoft.com/office/drawing/2014/main" id="{DC430A65-F899-FA18-C4AE-3A09CC3AFC5A}"/></a:ext></a:extLst></p:cNvPr><p:cNvSpPr txBox="1"/><p:nvPr/></p:nvSpPr><p:spPr><a:xfrm><a:off x="7168482" y="5942846"/><a:ext cx="2530203" cy="369332"/></a:xfrm><a:prstGeom prst="rect"><a:avLst/></a:prstGeom><a:noFill/></p:spPr><p:txBody><a:bodyPr wrap="square" rtlCol="0"><a:spAutoFit/></a:bodyPr><a:lstStyle/><a:p><a:pPr algn="ctr"/><a:r><a:rPr lang="en-GB" noProof="0" dirty="0"/><a:t>Emergency exit this way</a:t></a:r></a:p></p:txBody></p:sp></p:spTree><p:extLst><p:ext uri="{BB962C8B-B14F-4D97-AF65-F5344CB8AC3E}"><p14:creationId xmlns:p14="http://schemas.microsoft.com/office/powerpoint/2010/main" val="894807645"/></p:ext></p:extLst></p:cSld><p:clrMapOvr><a:masterClrMapping/></p:clrMapOvr></p:sld>