<?xml version="1.0" encoding="UTF-8" standalone="yes"?>
<p:sldLayout xmlns:a="http://schemas.openxmlformats.org/drawingml/2006/main" xmlns:r="http://schemas.openxmlformats.org/officeDocument/2006/relationships" xmlns:p="http://schemas.openxmlformats.org/presentationml/2006/main" type="vertTitleAndTx" preserve="1"><p:cSld name="Título vertical y texto"><p:spTree><p:nvGrpSpPr><p:cNvPr id="1" name=""/><p:cNvGrpSpPr/><p:nvPr/></p:nvGrpSpPr><p:grpSpPr><a:xfrm><a:off x="0" y="0"/><a:ext cx="0" cy="0"/><a:chOff x="0" y="0"/><a:chExt cx="0" cy="0"/></a:xfrm></p:grpSpPr><p:sp><p:nvSpPr><p:cNvPr id="2" name="Título vertical 1"><a:extLst><a:ext uri="{FF2B5EF4-FFF2-40B4-BE49-F238E27FC236}"><a16:creationId xmlns:a16="http://schemas.microsoft.com/office/drawing/2014/main" id="{67633115-0C6A-615F-E577-5B0D25230CC6}"/></a:ext></a:extLst></p:cNvPr><p:cNvSpPr><a:spLocks noGrp="1"/></p:cNvSpPr><p:nvPr><p:ph type="title" orient="vert"/></p:nvPr></p:nvSpPr><p:spPr><a:xfrm><a:off x="8724900" y="365125"/><a:ext cx="2628900" cy="5811838"/></a:xfrm></p:spPr><p:txBody><a:bodyPr vert="eaVert"/><a:lstStyle/><a:p><a:r><a:rPr lang="es-ES"/><a:t>Haga clic para modificar el estilo de título del patrón</a:t></a:r></a:p></p:txBody></p:sp><p:sp><p:nvSpPr><p:cNvPr id="3" name="Marcador de texto vertical 2"><a:extLst><a:ext uri="{FF2B5EF4-FFF2-40B4-BE49-F238E27FC236}"><a16:creationId xmlns:a16="http://schemas.microsoft.com/office/drawing/2014/main" id="{CBC30DE8-0342-844B-AF25-CC901CF544EE}"/></a:ext></a:extLst></p:cNvPr><p:cNvSpPr><a:spLocks noGrp="1"/></p:cNvSpPr><p:nvPr><p:ph type="body" orient="vert" idx="1"/></p:nvPr></p:nvSpPr><p:spPr><a:xfrm><a:off x="838200" y="365125"/><a:ext cx="7734300" cy="5811838"/></a:xfrm></p:spPr><p:txBody><a:bodyPr vert="eaVert"/><a:lstStyle/><a:p><a:pPr lvl="0"/><a:r><a:rPr lang="es-ES"/><a:t>Haga clic para modificar los estilos de texto del patrón</a:t></a:r></a:p><a:p><a:pPr lvl="1"/><a:r><a:rPr lang="es-ES"/><a:t>Segundo nivel</a:t></a:r></a:p><a:p><a:pPr lvl="2"/><a:r><a:rPr lang="es-ES"/><a:t>Tercer nivel</a:t></a:r></a:p><a:p><a:pPr lvl="3"/><a:r><a:rPr lang="es-ES"/><a:t>Cuarto nivel</a:t></a:r></a:p><a:p><a:pPr lvl="4"/><a:r><a:rPr lang="es-ES"/><a:t>Quinto nivel</a:t></a:r></a:p></p:txBody></p:sp><p:sp><p:nvSpPr><p:cNvPr id="4" name="Marcador de fecha 3"><a:extLst><a:ext uri="{FF2B5EF4-FFF2-40B4-BE49-F238E27FC236}"><a16:creationId xmlns:a16="http://schemas.microsoft.com/office/drawing/2014/main" id="{B179DE32-6A7C-A77F-1F9E-92CA23565DD0}"/></a:ext></a:extLst></p:cNvPr><p:cNvSpPr><a:spLocks noGrp="1"/></p:cNvSpPr><p:nvPr><p:ph type="dt" sz="half" idx="10"/></p:nvPr></p:nvSpPr><p:spPr/><p:txBody><a:bodyPr/><a:lstStyle/><a:p><a:fld id="{D73217A3-DA72-49B1-862B-E83E5768B380}" type="datetimeFigureOut"><a:rPr lang="es-ES" smtClean="0"/><a:t>23/09/2025</a:t></a:fld><a:endParaRPr lang="es-ES"/></a:p></p:txBody></p:sp><p:sp><p:nvSpPr><p:cNvPr id="5" name="Marcador de pie de página 4"><a:extLst><a:ext uri="{FF2B5EF4-FFF2-40B4-BE49-F238E27FC236}"><a16:creationId xmlns:a16="http://schemas.microsoft.com/office/drawing/2014/main" id="{29A63F78-4F72-F9C7-1CBD-2FA6C4AE0878}"/></a:ext></a:extLst></p:cNvPr><p:cNvSpPr><a:spLocks noGrp="1"/></p:cNvSpPr><p:nvPr><p:ph type="ftr" sz="quarter" idx="11"/></p:nvPr></p:nvSpPr><p:spPr/><p:txBody><a:bodyPr/><a:lstStyle/><a:p><a:endParaRPr lang="es-ES"/></a:p></p:txBody></p:sp><p:sp><p:nvSpPr><p:cNvPr id="6" name="Marcador de número de diapositiva 5"><a:extLst><a:ext uri="{FF2B5EF4-FFF2-40B4-BE49-F238E27FC236}"><a16:creationId xmlns:a16="http://schemas.microsoft.com/office/drawing/2014/main" id="{36138676-5C57-1BFE-DA9E-4EFE18790B49}"/></a:ext></a:extLst></p:cNvPr><p:cNvSpPr><a:spLocks noGrp="1"/></p:cNvSpPr><p:nvPr><p:ph type="sldNum" sz="quarter" idx="12"/></p:nvPr></p:nvSpPr><p:spPr/><p:txBody><a:bodyPr/><a:lstStyle/><a:p><a:fld id="{50370C0E-4CCA-49C7-91D9-D5B19E9FC04F}" type="slidenum"><a:rPr lang="es-ES" smtClean="0"/><a:t>‹#›</a:t></a:fld><a:endParaRPr lang="es-ES"/></a:p></p:txBody></p:sp></p:spTree><p:extLst><p:ext uri="{BB962C8B-B14F-4D97-AF65-F5344CB8AC3E}"><p14:creationId xmlns:p14="http://schemas.microsoft.com/office/powerpoint/2010/main" val="648341233"/></p:ext></p:extLst></p:cSld><p:clrMapOvr><a:masterClrMapping/></p:clrMapOvr></p:sldLayout>