﻿image,label
assets/tools/tool-000.png,
assets/tools/tool-001.png,
assets/tools/tool-002.png,
assets/tools/tool-003.png,
assets/tools/tool-004.png,
assets/tools/tool-005.png,
assets/tools/tool-006.png,
assets/tools/tool-007.png,
assets/tools/tool-008.png,
assets/tools/tool-009.png,
assets/tools/tool-010.png,
assets/tools/tool-011.png,
assets/tools/tool-012.png,
assets/tools/tool-013.png,
assets/tools/tool-014.png,
assets/tools/tool-015.png,
assets/tools/tool-016.png,
assets/tools/tool-017.png,
assets/tools/tool-018.png,
assets/tools/tool-019.png,
assets/tools/tool-020.png,
assets/tools/tool-021.png,
assets/tools/tool-022.png,
assets/tools/tool-023.png,
assets/tools/tool-024.png,
assets/tools/tool-025.png,
assets/tools/tool-026.png,
assets/tools/tool-027.png,
assets/tools/tool-028.png,
assets/tools/tool-029.png,
assets/tools/tool-030.png,
assets/tools/tool-031.png,
assets/tools/tool-032.png,
assets/tools/tool-033.png,
assets/tools/tool-034.png,
assets/tools/tool-035.png,
assets/tools/tool-036.png,
assets/tools/tool-037.png,
assets/tools/tool-038.png,
assets/tools/tool-039.png,
assets/tools/tool-040.png,
assets/tools/tool-041.png,
assets/tools/tool-042.png,
assets/tools/tool-043.png,
assets/tools/tool-044.png,
assets/tools/tool-045.png,
assets/tools/tool-046.png,
assets/tools/tool-047.png,
assets/tools/tool-048.png,
assets/tools/tool-049.png,
assets/tools/tool-050.png,
assets/tools/tool-051.png,
assets/tools/tool-052.png,
assets/tools/tool-053.png,
assets/tools/tool-054.png,
assets/tools/tool-055.png,
assets/tools/tool-056.png,
assets/tools/tool-057.png,
assets/tools/tool-058.png,
assets/tools/tool-059.png,
assets/tools/tool-060.png,
